LAYER,P,R,F
0,0.3118959,0.31177446,0.3086432
1,0.3425565,0.34244964,0.3399823
2,0.35352883,0.35343447,0.35129714
3,0.43610418,0.43604368,0.43494177
4,0.489178,0.4891102,0.48830378
5,0.5690116,0.5689432,0.5684761
6,0.6265541,0.6264865,0.6262059
7,0.54113525,0.5410629,0.54064935
8,0.5284168,0.52834535,0.5279011
9,0.62840384,0.62833464,0.62803453
10,0.69999313,0.69992936,0.6997184
11,0.732485,0.73242646,0.73219264
12,0.37793094,0.37789607,0.3773833
