LAYER,P,R,F
0,0.3169629,0.31686378,0.31290925
1,0.3973607,0.39730093,0.3948981
2,0.3917096,0.39167702,0.38944873
3,0.471558,0.4715446,0.4703017
4,0.51729333,0.5172892,0.5164051
5,0.5921461,0.59214556,0.59160614
6,0.64118487,0.6411703,0.64082944
7,0.54434645,0.5443365,0.5437896
8,0.52369165,0.5237088,0.5230594
9,0.62573117,0.62573653,0.6252499
10,0.69342446,0.6934141,0.6930288
11,0.72644377,0.72643,0.7260432
12,0.37622055,0.3762342,0.37555423
