LAYER,P,R,F
0,0.31880563,0.31885436,0.314444
1,0.39939553,0.399461,0.39680958
2,0.39936826,0.39942977,0.39705652
3,0.4639698,0.46403775,0.462585
4,0.51133174,0.511391,0.5104017
5,0.58995867,0.59001076,0.5894416
6,0.64041185,0.6404576,0.640104
7,0.5489481,0.5489947,0.5485002
8,0.5241059,0.5241476,0.5235563
9,0.61489826,0.6149375,0.614489
10,0.69464105,0.6946774,0.69437844
11,0.73005176,0.7301036,0.72975814
12,0.42655912,0.42657772,0.42596325
