LAYER,P,R,F
0,0.3158023,0.31595236,0.31170404
1,0.44148916,0.44161677,0.43999764
2,0.65698195,0.65707916,0.65660477
3,0.7291459,0.72921735,0.72896385
4,0.72035086,0.720424,0.72016907
5,0.7387083,0.73877054,0.73851764
6,0.7331035,0.7331564,0.73294306
7,0.7675076,0.767555,0.7673717
8,0.7721929,0.7722387,0.77205515
9,0.8134348,0.81347644,0.81327385
10,0.8337028,0.8337392,0.8335502
11,0.86931133,0.869342,0.86921614
12,0.98048294,0.9804859,0.980481
