LAYER,P,R,F
0,0.32142487,0.32125905,0.31729683
1,0.39584324,0.395717,0.39326182
2,0.3895418,0.38945207,0.38716727
3,0.47731403,0.47727716,0.47604948
4,0.5232235,0.5231792,0.52232313
5,0.5989939,0.59892774,0.59843445
6,0.6496523,0.6496062,0.649302
7,0.5524209,0.5523591,0.55184853
8,0.52988493,0.5298184,0.52922106
9,0.63474494,0.6346978,0.6342529
10,0.70397323,0.7039352,0.703585
11,0.7417414,0.74173224,0.74136305
12,0.39257455,0.39254928,0.39194846
