LAYER,P,R,F
0,0.3246688,0.32442638,0.31979698
1,0.4669744,0.46682546,0.46536762
2,0.682952,0.68287796,0.6824639
3,0.75232756,0.7522827,0.7520721
4,0.73857796,0.73851913,0.73830944
5,0.7549688,0.7549195,0.75471216
6,0.7463499,0.74629426,0.7461334
7,0.7811989,0.78114533,0.78101724
8,0.78642476,0.7863655,0.7862384
9,0.8234212,0.823385,0.8232284
10,0.8446837,0.8446493,0.8445056
11,0.87540615,0.8753815,0.8752877
12,0.9844347,0.9844323,0.9844318
