LAYER,P,R,F
0,0.2786982,0.2785878,0.27494037
1,0.33671036,0.33662596,0.33471334
2,0.42845756,0.4284101,0.4273608
3,0.45149758,0.45147166,0.45057997
4,0.5184017,0.5184023,0.51783705
5,0.573508,0.5734958,0.57311326
6,0.6330495,0.6330315,0.63276017
7,0.59864044,0.5986131,0.59829366
8,0.54804957,0.5480091,0.54755783
9,0.51617336,0.516132,0.5156478
10,0.5561151,0.55609417,0.55573994
11,0.5984755,0.5984512,0.5981564
12,0.56038475,0.5603337,0.5599188
