LAYER,P,R,F
0,0.36188287,0.36180493,0.35862362
1,0.4372344,0.43716717,0.43550655
2,0.64521,0.64515334,0.6446227
3,0.734053,0.7340016,0.7337482
4,0.730163,0.73011726,0.72988415
5,0.7542184,0.7541747,0.7539484
6,0.7611062,0.7610684,0.76089287
7,0.79163146,0.7915949,0.79145956
8,0.79859376,0.79856044,0.7984367
9,0.82988167,0.8298588,0.82975745
10,0.8522986,0.8522761,0.8521975
11,0.8852355,0.88521546,0.88517046
12,0.98287344,0.98286974,0.9828698
