LAYER,P,R,F
0,0.43284354,0.4329465,0.42670736
1,0.4085349,0.40857056,0.4041539
2,0.42302486,0.42304876,0.41986418
3,0.43835327,0.43837532,0.43578437
4,0.46398157,0.4640153,0.46179092
5,0.487097,0.48714137,0.48507443
6,0.50701046,0.5070602,0.50516284
7,0.5251579,0.5252073,0.52346826
8,0.5432063,0.5432638,0.5416856
9,0.56169736,0.56174135,0.56031275
10,0.58207834,0.58211654,0.58080167
11,0.5087994,0.5088567,0.50630754
12,0.4822224,0.48224902,0.4795803
