LAYER,P,R,F
0,0.31651747,0.3166142,0.31180394
1,0.38737702,0.38744056,0.38455048
2,0.37912813,0.37916443,0.37648088
3,0.46451283,0.46451145,0.46312103
4,0.5066057,0.50659287,0.5054953
5,0.5804824,0.5804496,0.5797646
6,0.63067275,0.630636,0.63018715
7,0.54218787,0.5421653,0.5414328
8,0.5240471,0.5240057,0.5232123
9,0.6320527,0.6320019,0.63146895
10,0.69633687,0.6962761,0.6958725
11,0.7193143,0.7192363,0.7188216
12,0.3473233,0.34732684,0.34655094
