LAYER,P,R,F
0,0.48034036,0.48027167,0.4755281
1,0.68549955,0.68547165,0.68418026
2,0.7502881,0.7502652,0.7497456
3,0.7662417,0.7662214,0.7659151
4,0.7910623,0.7910466,0.79085386
5,0.8090659,0.8090618,0.80895317
6,0.82148397,0.8214852,0.821408
7,0.8091143,0.8091184,0.8090199
8,0.77966934,0.7796406,0.77937865
9,0.75278246,0.7527972,0.7524639
10,0.72071564,0.7207407,0.7202978
11,0.7175687,0.7176211,0.7170889
12,0.22130837,0.22130068,0.21938775
