LAYER,P,R,F
0,0.32206962,0.32194686,0.31745258
1,0.4602701,0.46020856,0.45864564
2,0.6719199,0.6718807,0.67143625
3,0.74045163,0.74043214,0.74017817
4,0.72625005,0.7262382,0.72596425
5,0.74321467,0.7431929,0.7429401
6,0.73884493,0.7388181,0.7386279
7,0.77495724,0.77493846,0.77478385
8,0.78073204,0.7807058,0.7805547
9,0.8198895,0.81987315,0.81971085
10,0.84097534,0.84096044,0.8408151
11,0.8744024,0.87438446,0.8742934
12,0.98294896,0.98294634,0.9829455
