LAYER,P,R,F
0,0.27203143,0.2718125,0.2674527
1,0.3669008,0.36672932,0.36434102
2,0.36613643,0.36596906,0.36401412
3,0.4369806,0.43683773,0.43563512
4,0.4888657,0.48875853,0.48795715
5,0.5726952,0.5726454,0.572158
6,0.62713367,0.62711185,0.6267881
7,0.5336007,0.53355575,0.53305566
8,0.51138526,0.51132864,0.51072747
9,0.6112424,0.6111909,0.6107369
10,0.6913106,0.6912809,0.6909531
11,0.7289148,0.7289066,0.7285409
12,0.40449622,0.4044448,0.4038471
