LAYER,P,R,F
0,0.28559503,0.2854355,0.28159738
1,0.4194148,0.41935146,0.417895
2,0.6369165,0.63687444,0.63647
3,0.7129336,0.71288896,0.71269244
4,0.705694,0.7056649,0.7054607
5,0.7278231,0.72779924,0.7275826
6,0.7264064,0.72638345,0.72620934
7,0.76126385,0.7612437,0.7610952
8,0.76516724,0.76513124,0.76499206
9,0.8022079,0.8021703,0.8020057
10,0.8249256,0.8248923,0.824736
11,0.86274844,0.8627164,0.862623
12,0.98083913,0.9808375,0.9808362
