LAYER,P,R,F
0,0.27440318,0.27450797,0.2698814
1,0.36711293,0.3672066,0.3646441
2,0.36751607,0.36758184,0.36546195
3,0.44396114,0.4440282,0.44275236
4,0.49434176,0.49438694,0.49351478
5,0.5781191,0.57814497,0.57762396
6,0.6325188,0.63253754,0.63219965
7,0.5371272,0.5371553,0.53662723
8,0.51365125,0.5136854,0.5130298
9,0.61113626,0.6111767,0.6106605
10,0.68986833,0.6898959,0.6895253
11,0.72481495,0.7248488,0.72443366
12,0.41427994,0.414279,0.41360843
