LAYER,P,R,F
0,0.27967498,0.27960515,0.27565888
1,0.4284523,0.4284252,0.42707014
2,0.6428217,0.64281446,0.6423762
3,0.7207139,0.72071636,0.72050244
4,0.7149051,0.7149116,0.7146955
5,0.7364546,0.7364631,0.73624396
6,0.72894406,0.7289576,0.7287705
7,0.76335233,0.76335174,0.7631944
8,0.7660467,0.7660525,0.76588887
9,0.80481553,0.8047997,0.8046123
10,0.824247,0.8242213,0.8240452
11,0.8616431,0.8616192,0.8615053
12,0.9794287,0.9794275,0.9794225
