LAYER,P,R,F
0,0.44518736,0.44525033,0.44190475
1,0.26892486,0.26893654,0.26619813
2,0.25225964,0.25227055,0.2495048
3,0.23626596,0.23626427,0.23414151
4,0.24108262,0.24108647,0.23914734
5,0.2402725,0.24029303,0.23852193
6,0.24204335,0.24206877,0.24038398
7,0.24432875,0.24436904,0.2427339
8,0.24470611,0.24472676,0.24312295
9,0.24761276,0.24763304,0.2458257
10,0.26654655,0.26657295,0.26450548
11,0.30993807,0.309992,0.3073111
12,0.46560258,0.46563277,0.463768
