LAYER,P,R,F
0,0.4414845,0.4415628,0.4378333
1,0.26729813,0.26729846,0.26443842
2,0.25006709,0.25006858,0.2470538
3,0.22912578,0.22914563,0.22677879
4,0.23676835,0.23678702,0.23474906
5,0.23712093,0.23712862,0.23520498
6,0.2357785,0.23579709,0.2339876
7,0.2375271,0.2375658,0.2357691
8,0.23694733,0.2369875,0.23519956
9,0.24043696,0.24048997,0.23847668
10,0.25991938,0.25997588,0.257621
11,0.3076668,0.30775174,0.30460533
12,0.5213576,0.52133,0.5192018
