LAYER,P,R,F
0,0.3231512,0.32322776,0.31853873
1,0.32517454,0.32522815,0.32197207
2,0.3708038,0.37080705,0.36834884
3,0.36287847,0.36286885,0.36059204
4,0.3786389,0.37860426,0.3767926
5,0.4018232,0.401791,0.40032896
6,0.38439456,0.38434005,0.38282546
7,0.37114623,0.3710986,0.36949417
8,0.37231025,0.37226102,0.37049443
9,0.35375935,0.3537393,0.35219112
10,0.38161838,0.3816211,0.37991408
11,0.4421448,0.4421776,0.44040316
12,0.40192786,0.40191513,0.40038353
