LAYER,P,R,F
0,0.32524315,0.32527947,0.32047534
1,0.3697738,0.3697855,0.36682808
2,0.3912412,0.39124438,0.38884974
3,0.38678017,0.3867508,0.3849363
4,0.4306143,0.43059555,0.4291982
5,0.47680253,0.47676748,0.4757307
6,0.4937383,0.4937078,0.49275663
7,0.47395828,0.47392154,0.47275484
8,0.48822877,0.48818707,0.48712534
9,0.55345184,0.55342007,0.5525519
10,0.6535154,0.6534775,0.6529064
11,0.76415604,0.7641147,0.76378924
12,0.72067815,0.7206308,0.72023565
