LAYER,P,R,F
0,0.42608285,0.4272089,0.42462298
1,0.7367886,0.7370362,0.736573
2,0.79922664,0.799593,0.7991632
3,0.8329021,0.8333321,0.83291864
4,0.8442,0.84462386,0.84425896
5,0.84732,0.84759504,0.8473319
6,0.89334005,0.8935088,0.8933471
