LAYER,P,R,F
0,0.28725642,0.2872663,0.28207442
1,0.37234208,0.37233955,0.37046063
2,0.403689,0.4037149,0.4020736
3,0.5399291,0.53997463,0.53930676
4,0.6591859,0.65919137,0.65882134
5,0.65313077,0.6531313,0.65279835
6,0.74920315,0.7491901,0.7487158
