LAYER,P,R,F
0,0.4043224,0.40432808,0.40218553
1,0.6423126,0.6422804,0.6414617
2,0.768273,0.7682535,0.76791227
3,0.7803166,0.78030443,0.7800415
4,0.7839782,0.78397924,0.7836174
5,0.7959116,0.7959033,0.79557085
6,0.80936664,0.80936354,0.80908644
7,0.81720984,0.81721514,0.816965
8,0.80465585,0.80464727,0.8043641
9,0.7911581,0.79115206,0.7908595
10,0.8146725,0.8146619,0.814463
11,0.8243949,0.8244051,0.82420003
12,0.8557132,0.85571885,0.8555707
