LAYER,P,R,F
0,0.31767526,0.31771243,0.31208947
1,0.45930108,0.45930612,0.4573549
2,0.6739723,0.6739605,0.67332643
3,0.7428563,0.7428622,0.74252146
4,0.7270618,0.7270706,0.7267292
5,0.7459538,0.7459533,0.74563044
6,0.7416182,0.74162334,0.74136156
7,0.7766629,0.7766664,0.7764565
8,0.7827196,0.78271383,0.78251594
9,0.81658614,0.8165717,0.81639785
10,0.83839214,0.83837646,0.8382293
11,0.8711623,0.8711581,0.87106025
12,0.9843661,0.98436636,0.9843645
