LAYER,P,R,F
0,0.29910204,0.29919305,0.29052314
1,0.29633516,0.29640594,0.2915415
2,0.28782755,0.28787795,0.28492415
3,0.29966587,0.2996727,0.29745364
4,0.32897076,0.32897395,0.3263186
5,0.34247187,0.3424195,0.34024557
6,0.61728173,0.61718243,0.6160013
7,0.6704566,0.6703779,0.66936857
8,0.8596307,0.8595696,0.859391
9,0.8611796,0.8611522,0.8610164
10,0.89382625,0.8938215,0.8937337
11,0.97762144,0.9776183,0.97761476
12,0.93146294,0.93134,0.93100053
