LAYER,P,R,F
0,0.29116568,0.29114744,0.2868295
1,0.44197133,0.4419524,0.4405804
2,0.6624113,0.662375,0.661958
3,0.73566717,0.7356161,0.73541015
4,0.72424763,0.72419375,0.7239804
5,0.74316144,0.743101,0.7429021
6,0.7358866,0.7358457,0.7356837
7,0.7717992,0.77175343,0.7716246
8,0.77671385,0.77666664,0.7765362
9,0.8156109,0.8155815,0.81542325
10,0.8353943,0.8353729,0.83522326
11,0.8693978,0.86938006,0.86928266
12,0.98234653,0.98234344,0.9823433
