LAYER,P,R,F
0,0.28803304,0.28811806,0.28382972
1,0.36045152,0.3605044,0.35791346
2,0.35763955,0.3577387,0.35552806
3,0.4382742,0.43832803,0.4371357
4,0.49264902,0.4926875,0.49187797
5,0.5753039,0.5753327,0.57483304
6,0.63127446,0.6313224,0.6309864
7,0.5324934,0.532565,0.53202814
8,0.5102161,0.5103038,0.5096529
9,0.6044539,0.6045382,0.604006
10,0.6814313,0.68149376,0.6810876
11,0.7187933,0.7188438,0.71841186
12,0.386078,0.38613266,0.38548917
