LAYER,P,R,F
0,0.24991891,0.25001466,0.24200068
1,0.29392833,0.29395026,0.28912014
2,0.36113718,0.36123025,0.3575888
3,0.41445282,0.41459718,0.41148487
4,0.4386812,0.43877414,0.4361292
5,0.45521808,0.4552972,0.45306677
6,0.4797258,0.4797979,0.47779492
7,0.48204568,0.48210686,0.480253
8,0.50440174,0.5044583,0.5025705
9,0.53045946,0.5304829,0.52866036
10,0.53781724,0.5377958,0.53583634
11,0.5402823,0.5402229,0.53816986
12,0.57382584,0.57370174,0.57160807
