LAYER,P,R,F
0,0.2517391,0.2518335,0.24388544
1,0.36171424,0.36175922,0.35748047
2,0.4423475,0.442458,0.44021225
3,0.50618786,0.5063445,0.5045984
4,0.5250692,0.525192,0.5236118
5,0.55415064,0.5542385,0.5528668
6,0.5684745,0.5685567,0.5672051
7,0.5721026,0.5721756,0.5708452
8,0.60626274,0.6063245,0.6049902
9,0.6282066,0.62825406,0.6269483
10,0.6643668,0.66438687,0.66297233
11,0.65951246,0.6595324,0.6584084
12,0.70749044,0.70750576,0.7064498
