LAYER,P,R,F
0,0.29239914,0.29233938,0.28799337
1,0.37400073,0.37395933,0.37138724
2,0.36879358,0.36874846,0.3663888
3,0.4502482,0.4501956,0.44887444
4,0.4982386,0.49817833,0.49722672
5,0.5760319,0.5759751,0.5754043
6,0.62940514,0.62935334,0.6289917
7,0.5357095,0.53565013,0.53505087
8,0.5146575,0.51462156,0.5138855
9,0.61532813,0.61528224,0.6147353
10,0.68632543,0.6862504,0.6858456
11,0.7214881,0.7214059,0.72098553
12,0.36572546,0.36572027,0.36501065
