LAYER,P,R,F
0,0.30777588,0.30777684,0.3031559
1,0.44505233,0.44509125,0.4434747
2,0.66170436,0.66174895,0.6612669
3,0.73550326,0.7355261,0.735256
4,0.7208496,0.72085893,0.720586
5,0.73704386,0.73705214,0.7367808
6,0.73208153,0.7320707,0.7318679
7,0.7680251,0.76800215,0.76783967
8,0.77268696,0.77266395,0.7724989
9,0.8099519,0.80989397,0.809723
10,0.8310105,0.83095115,0.83080244
11,0.86770487,0.86765665,0.86756754
12,0.9819623,0.9819598,0.9819579
