LAYER,P,R,F
0,0.29287484,0.29276612,0.28896153
1,0.37047997,0.3703816,0.36809015
2,0.36899555,0.36891612,0.36687937
3,0.46113333,0.46108902,0.46000266
4,0.5105716,0.5105592,0.5097696
5,0.5895024,0.5895065,0.5890118
6,0.6431079,0.6431254,0.64279854
7,0.5462664,0.54628617,0.5457523
8,0.5256067,0.5256172,0.5249814
9,0.6314677,0.6314837,0.63099706
10,0.70045394,0.7004913,0.7001096
11,0.73772144,0.7377826,0.73737544
12,0.376468,0.37648788,0.37585765
