LAYER,P,R,F
0,0.302053,0.30184427,0.2976399
1,0.45684627,0.45677197,0.45546424
2,0.6735796,0.6735233,0.6731233
3,0.74322075,0.74317265,0.74297166
4,0.72940576,0.72935677,0.72914743
5,0.74814695,0.748095,0.74789345
6,0.7392128,0.739171,0.7390097
7,0.7750178,0.774979,0.7748446
8,0.7798485,0.77981144,0.779676
9,0.81777656,0.8177529,0.8175885
10,0.83894795,0.8389314,0.838778
11,0.870458,0.87044656,0.8703426
12,0.9830619,0.98306423,0.98306143
