LAYER,P,R,F
0,0.2844219,0.28444692,0.28044853
1,0.37012622,0.37011567,0.3678241
2,0.37155172,0.3715547,0.36946896
3,0.4603244,0.46031958,0.45919034
4,0.50872415,0.5087325,0.50791526
5,0.5868436,0.5868716,0.5863534
6,0.6397911,0.63983333,0.63949335
7,0.5409238,0.54094136,0.54040617
8,0.5172371,0.51725966,0.5166258
9,0.62051994,0.6205607,0.62006223
10,0.6916372,0.6916744,0.69127834
11,0.7267179,0.72675204,0.7263427
12,0.38121554,0.38125327,0.38057736
